when,results,yaseen,shufqat,submissions,change,from
2026-09-05T15:22:21+01:00,20,12,16,,added Yaseen (C) v Shufqat (C) 13-18; added Amriaz v Gaff 16-16; added Moody v Sam 14-10; added Moody v Raz 13-10; added Imran v Jabar 17-12; added Shahzad v Sid 15-16; added Bash v Haaris 21-15; added Nav v Raza 16-7; added Mansoor v Tab 10-16; added Waseem v Tariq 10-11; added Yaseen (C) v Tariq 17-17; added Bash v Jabar 12-19; added Waseem v Shufqat (C) 21-16; added Amriaz v Haaris 19-20; added Imran v Sid 10-15; added Waseem v Haaris 17-16; added Mansoor v Raz 18-19; added Nav v Jabar 13-16; added Imran v Tab 13-16; added Moody v Raza 13-15,bc05b7c
2026-09-07T16:49:10+01:00,20,12,16,,added Shaan v Sam 14-10 (Waseem); deleted Moody v Sam (Waseem),587c501
2026-09-07T19:29:36+01:00,22,12,19,,added Nav v Sid 14-23 (Waseem); added Shahzad v Tariq 9-10 (Waseem),75165d4
2026-09-08T07:27:06Z,24,16,19,,added Waseem v Gaff 27-22 (Waseem); added Waseem v Sam 27-1 (Waseem),4f0c02d
2026-09-08T08:23:53Z,23,14,19,,deleted Waseem v Gaff (Waseem),8587a65
2026-09-08T09:52:46Z,22,12,19,26,deleted Waseem v Sam (Waseem),ddec237
2026-09-09T00:09:48Z,22,12,19,26,no change,3319021
2026-09-09T07:46:38Z,23,12,21,27,added Waseem v Jabar 5-26 (Waseem),7dc4635
2026-09-09T07:49:33Z,22,12,19,28,deleted Waseem v Jabar (Waseem),c904980
2026-09-09T10:23:47Z,23,13,19,29,added Waseem v Jabar 27-26 (Waseem),5c0db7d
2026-09-09T10:25:23Z,22,12,19,30,deleted Waseem v Jabar (Waseem),5c71a6a
2026-09-09T13:20:39Z,23,12,20,31,added Waseem v Jabar 18-19 (Waseem),7053f45
2026-09-09T15:33:05Z,24,13,20,32,added Waseem v Gaff 27-26 (Waseem),363acd0
2026-09-09T15:34:39Z,23,12,20,33,deleted Waseem v Gaff (Waseem),4177c6c
2026-09-09T16:42:41Z,24,13,20,34,added Waseem v Gaff 2-1 (Waseem),e49a9f1
2026-09-09T17:02:50Z,23,12,20,35,"deleted Waseem v Gaff, was 2-1 (Waseem)",1e8aa4d
2026-09-09T19:23:02Z,24,12,21,36,added Mansoor v Raza 15-18 (Yaseen (C)),e5c6498
2026-09-09T19:33:11Z,25,14,21,37,added Waseem v Gaff 27-1 (Waseem),0f9e3f3
2026-09-09T19:56:58Z,24,12,21,38,"deleted Waseem v Gaff, was 27-1 (Waseem)",6b34838
2026-09-10T00:32:52Z,24,12,21,38,no change,8c1b805
2026-09-11T00:36:46Z,24,12,21,38,no change,9f8b6ce
2026-09-11T17:38:27Z,25,14,21,39,added Moody v Sam 17-12 (Waseem),9f0b03a
2026-09-11T18:23:07Z,26,14,22,40,added Shahzad v Shufqat (C) 15-16 (Waseem),ea5b13a
2026-09-11T20:19:41Z,27,14,24,41,added Bash v Tab 14-19 (Waseem),9a47c45
2026-09-11T20:39:35Z,27,12,26,43,"Moody v Sam now 12-17, was 17-12 (Waseem)",744da2b
2026-09-12T01:14:05Z,27,12,26,43,no change,e3bb6d6
2026-09-12T17:54:07Z,28,13,26,44,added Imran v Raz 18-15 (Waseem),f68c661
2026-09-13T00:12:43Z,29,15,26,45,added Waseem v Gaff 27-21 (Waseem),ece1bba
2026-09-13T00:21:33Z,28,13,26,46,"deleted Waseem v Gaff, was 27-21 (Waseem)",9510b59
2026-09-14T01:13:52Z,28,13,26,46,no change,c8cfcbf
2026-09-14T16:13:13Z,29,15,26,47,added Amriaz v Jabar 18-13 (Waseem),245dc00
2026-09-14T16:34:35Z,28,13,26,48,"deleted Amriaz v Jabar, was 18-13 (Waseem)",8459f0b
2026-09-14T16:35:19Z,29,15,26,49,added Amriaz v Jabar 17-12 (Waseem),36a1c25
2026-09-15T00:42:06Z,29,15,26,49,no change,764797c
2026-09-16T00:29:35Z,29,15,26,49,no change,a8dc18e
2026-09-16T16:52:51Z,30,15.5,26.5,50,added Waseem v Gaff 20-20 (Waseem),f665f1e
2026-09-17T00:27:27Z,30,15.5,26.5,50,no change,63559f8
2026-09-17T19:31:45Z,31,16.5,26.5,51,added Imran v Raza 16-13 (Waseem),374689c
2026-09-18T00:29:00Z,31,16.5,26.5,51,no change,556c2db
2026-09-18T09:16:12Z,32,18.5,26.5,52,added Nav v Tariq 21-14 (Yaseen (C)),bf65577
2026-09-19T01:17:09Z,32,18.5,26.5,52,no change,9bfe843
2026-09-19T18:35:00Z,33,18.5,27.5,53,added Yaseen (C) v Gaff 13-17 (Yaseen (C)),b35ba3a
2026-09-19T18:35:13Z,34,19,28,54,added Moody v Sid 12-12 (Yaseen (C)),8ec34ad
2026-09-19T18:36:25Z,35,19,29,55,added Amriaz v Tab 16-17 (Yaseen (C)),539bdd3
2026-09-20T01:43:28Z,35,19,29,55,no change,647f681
2026-09-20T13:45:26Z,36,19.5,29.5,56,added Bash v Raz 18-18 (Yaseen (C)),d75a942
2026-09-21T01:34:13Z,36,19.5,29.5,56,no change,fcdf22b
2026-09-21T18:08:27Z,37,20.5,29.5,57,added Mansoor v Sam 15-11 (Yaseen (C)),3328e8e
2026-09-21T18:09:02Z,38,21.5,29.5,58,added Shaan v Shufqat (C) 15-11 (Yaseen (C)),08961f8
2026-09-22T01:34:32Z,38,21.5,29.5,58,no change,aaddb86
2026-09-22T19:01:41Z,38,22.5,29.5,59,"Mansoor v Sam now 21-15, was 15-11 (Yaseen (C))",473d904
2026-09-22T20:04:29Z,37,20.5,29.5,60,"deleted Mansoor v Sam, was 21-15 (Yaseen (C))",fc4162c
2026-09-22T20:05:38Z,38,22.5,29.5,61,added Mansoor v Sam 21-15 (Yaseen (C)),cd59f4d
2026-09-22T20:19:03Z,37,20.5,29.5,62,"deleted Mansoor v Sam, was 21-15 (Yaseen (C))",3d86c68
2026-09-23T01:27:14Z,37,20.5,29.5,62,no change,42c27c5
2026-09-24T01:29:20Z,37,20.5,29.5,62,no change,3137006
2026-09-24T17:25:06Z,38,21,30,63,added Yaseen (C) v Jabar 15-15 (Yaseen (C)),d3dcc5d
2026-09-24T17:25:55Z,39,21,31,64,added Mansoor v Sid 18-22 (Yaseen (C)),327f21f
2026-09-24T17:30:04Z,40,22,31,65,added Bash v Raza 11-9 (Yaseen (C)),8fadd6d
2026-09-24T17:31:40Z,41,22,32,66,added Nav v Shufqat (C) 12-14 (Yaseen (C)),372cb55
2026-09-25T01:52:45Z,41,22,32,66,no change,822860a
2026-09-25T18:34:28Z,42,22,33,67,added Yaseen (C) v Tab 17-19 (Yaseen (C)),08f656b
2026-09-25T22:45:17Z,43,22,35,69,added Shaan v Sid 10-15 (Yaseen (C)),379820f
2026-09-26T00:07:47Z,43,22,35,69,no change,14bfd48
2026-09-26T07:51:06Z,42,22,33,70,"deleted Imran v Sid, was 10-15 (Yaseen (C))",2830f20
2026-09-26T15:30:12Z,43,22,34,71,added Bash v Sid 11-14 (Yaseen (C)),50392ea
